{"epoch": 71, "train_loss": 2.53159761428833, "val_loss": 2.5240182876586914, "_timestamp": 1687103648.7316089, "_runtime": 12484.182168960571, "_step": 71}