{"epoch": 67, "train_loss": 2.5394937992095947, "val_loss": 2.5338802337646484, "_timestamp": 1687102952.8076234, "_runtime": 11788.258183479309, "_step": 67}